time,Open,High,Low,Close,Volume
2026-05-06 10:10:00+00:00,646.49,647.55,646.49,647.33,1932.19
2026-05-06 10:15:00+00:00,647.33,647.6,646.46,647.54,4867.07
2026-05-06 10:20:00+00:00,647.55,648.0,647.5,647.77,1640.06
2026-05-06 10:25:00+00:00,647.77,648.0,647.54,647.79,1746.59
2026-05-06 10:30:00+00:00,647.79,647.91,647.03,647.39,2658.01
2026-05-06 10:35:00+00:00,647.38,647.75,646.99,647.4,1947.96
2026-05-06 10:40:00+00:00,647.41,648.17,647.34,647.79,2375.23
2026-05-06 10:45:00+00:00,647.8,648.93,645.52,645.9,7963.85
2026-05-06 10:50:00+00:00,645.9,646.93,645.71,646.62,2048.68
2026-05-06 10:55:00+00:00,646.61,646.62,645.81,645.95,1552.51
2026-05-06 11:00:00+00:00,645.94,647.96,645.68,647.72,5631.14
2026-05-06 11:05:00+00:00,647.73,648.0,647.03,647.43,1235.17
2026-05-06 11:10:00+00:00,647.42,647.83,646.92,647.51,1804.25
2026-05-06 11:15:00+00:00,647.51,648.18,647.12,647.18,2639.74
2026-05-06 11:20:00+00:00,647.17,651.59,647.0,650.63,20374.15
2026-05-06 11:25:00+00:00,650.62,651.07,649.58,649.91,4502.8
2026-05-06 11:30:00+00:00,649.91,650.11,648.52,649.75,4630.61
2026-05-06 11:35:00+00:00,649.75,651.81,649.68,650.08,6697.46
2026-05-06 11:40:00+00:00,650.09,651.06,649.23,650.32,4286.21
2026-05-06 11:45:00+00:00,650.33,651.05,650.13,650.76,2802.76
2026-05-06 11:50:00+00:00,650.76,652.24,650.75,652.24,2953.77
2026-05-06 11:55:00+00:00,652.24,653.07,652.18,652.84,4730.0
2026-05-06 12:00:00+00:00,652.85,653.55,652.59,652.79,5659.4
2026-05-06 12:05:00+00:00,652.79,653.05,651.79,652.53,5367.48
2026-05-06 12:10:00+00:00,652.52,653.76,652.4,653.33,6520.36
2026-05-06 12:15:00+00:00,653.4,655.23,653.32,655.15,6811.22
2026-05-06 12:20:00+00:00,655.14,656.33,655.14,655.92,6830.84
2026-05-06 12:25:00+00:00,655.93,657.24,655.87,657.19,5120.17
2026-05-06 12:30:00+00:00,657.18,663.39,656.86,661.75,45113.88
2026-05-06 12:35:00+00:00,661.75,664.72,659.49,659.74,32138.75
2026-05-06 12:40:00+00:00,659.74,659.85,659.01,659.35,4339.71
2026-05-06 12:45:00+00:00,659.35,659.96,657.72,658.48,3494.32
2026-05-06 12:50:00+00:00,658.47,658.8,657.27,657.65,8459.13
2026-05-06 12:55:00+00:00,657.64,657.83,656.81,657.63,5383.3
2026-05-06 13:00:00+00:00,657.63,657.64,655.26,655.34,6622.21
2026-05-06 13:05:00+00:00,655.37,655.59,652.71,654.49,10390.17
2026-05-06 13:10:00+00:00,654.49,655.44,654.11,654.15,4625.3
2026-05-06 13:15:00+00:00,654.15,654.48,652.75,652.83,3420.67
2026-05-06 13:20:00+00:00,652.82,652.96,651.35,651.63,6581.43
2026-05-06 13:25:00+00:00,651.64,651.78,650.02,650.59,6591.47
2026-05-06 13:30:00+00:00,650.59,651.07,648.0,650.98,17158.27
2026-05-06 13:35:00+00:00,650.99,651.08,648.8,649.31,3347.33
2026-05-06 13:40:00+00:00,649.32,650.0,648.77,649.26,3405.81
2026-05-06 13:45:00+00:00,649.25,649.29,646.05,647.68,8503.3
2026-05-06 13:50:00+00:00,647.68,647.82,646.25,647.74,4276.44
2026-05-06 13:55:00+00:00,647.74,648.49,647.31,647.9,3747.52
2026-05-06 14:00:00+00:00,647.91,647.93,645.74,645.74,4350.94
2026-05-06 14:05:00+00:00,645.75,646.81,643.92,646.75,9097.07
2026-05-06 14:10:00+00:00,646.75,647.01,645.37,646.95,3096.65
2026-05-06 14:15:00+00:00,646.95,647.49,645.85,646.8,3368.33
2026-05-06 14:20:00+00:00,646.8,648.26,646.72,648.06,3137.29
2026-05-06 14:25:00+00:00,648.07,649.43,648.06,648.41,3598.86
2026-05-06 14:30:00+00:00,648.4,649.23,648.36,648.81,2532.91
2026-05-06 14:35:00+00:00,648.8,649.21,648.18,648.94,2148.11
2026-05-06 14:40:00+00:00,648.93,649.78,648.53,649.77,1862.68
2026-05-06 14:45:00+00:00,649.77,650.82,649.26,649.86,4057.05
2026-05-06 14:50:00+00:00,649.85,650.11,648.03,648.41,2998.2
2026-05-06 14:55:00+00:00,648.41,648.92,647.54,647.72,4763.55
2026-05-06 15:00:00+00:00,647.71,648.94,647.54,648.94,2019.08
2026-05-06 15:05:00+00:00,648.94,649.05,648.65,648.71,1596.16
2026-05-06 15:10:00+00:00,648.7,648.7,647.06,647.56,1669.41
2026-05-06 15:15:00+00:00,647.56,649.68,647.56,649.6,1660.73
2026-05-06 15:20:00+00:00,649.59,649.89,649.34,649.48,1444.59
2026-05-06 15:25:00+00:00,649.48,649.6,649.0,649.12,924.21
2026-05-06 15:30:00+00:00,649.11,650.0,649.11,649.79,904.87
2026-05-06 15:35:00+00:00,649.79,649.85,648.28,648.49,1815.09
2026-05-06 15:40:00+00:00,648.5,648.8,647.58,648.3,1680.87
2026-05-06 15:45:00+00:00,648.29,649.73,648.29,648.6,1345.36
2026-05-06 15:50:00+00:00,648.59,649.12,648.23,649.0,926.95
2026-05-06 15:55:00+00:00,649.0,649.21,648.68,648.9,1340.06
2026-05-06 16:00:00+00:00,648.9,649.68,648.57,649.47,1204.62
2026-05-06 16:05:00+00:00,649.47,650.39,649.32,650.39,1860.38
2026-05-06 16:10:00+00:00,650.39,651.2,650.1,650.26,1859.9
2026-05-06 16:15:00+00:00,650.27,650.42,649.56,649.57,877.74
2026-05-06 16:20:00+00:00,649.57,649.61,647.82,648.04,1663.49
2026-05-06 16:25:00+00:00,648.04,648.16,646.68,646.92,2706.89
2026-05-06 16:30:00+00:00,646.91,648.34,646.91,648.29,1253.15
2026-05-06 16:35:00+00:00,648.28,648.63,647.13,648.55,1216.59
2026-05-06 16:40:00+00:00,648.56,649.47,648.31,649.28,1170.2
2026-05-06 16:45:00+00:00,649.27,649.47,648.98,649.42,839.42
2026-05-06 16:50:00+00:00,649.42,650.4,649.32,649.75,1638.84
2026-05-06 16:55:00+00:00,649.74,650.28,649.5,650.05,763.87
2026-05-06 17:00:00+00:00,650.05,650.57,649.86,650.33,870.88
2026-05-06 17:05:00+00:00,650.33,650.64,650.06,650.24,881.17
2026-05-06 17:10:00+00:00,650.24,650.88,650.24,650.69,1082.34
2026-05-06 17:15:00+00:00,650.69,650.69,648.67,649.67,1542.42
2026-05-06 17:20:00+00:00,649.67,650.16,649.43,649.72,1079.03
2026-05-06 17:25:00+00:00,649.72,649.93,649.48,649.49,546.02
2026-05-06 17:30:00+00:00,649.49,649.87,649.36,649.6,514.3
2026-05-06 17:35:00+00:00,649.6,649.89,649.11,649.48,816.64
2026-05-06 17:40:00+00:00,649.47,649.89,649.08,649.84,577.84
2026-05-06 17:45:00+00:00,649.84,649.9,648.23,648.66,904.14
2026-05-06 17:50:00+00:00,648.66,649.3,648.35,649.3,1021.4
2026-05-06 17:55:00+00:00,649.3,649.74,648.97,649.03,512.4
2026-05-06 18:00:00+00:00,649.03,649.59,649.0,649.0,1082.61
2026-05-06 18:05:00+00:00,649.01,649.48,648.36,648.94,992.46
2026-05-06 18:10:00+00:00,648.95,649.89,647.71,649.84,6199.15
2026-05-06 18:15:00+00:00,649.84,650.84,649.76,650.21,1298.56
2026-05-06 18:20:00+00:00,650.21,650.66,650.07,650.16,772.58
2026-05-06 18:25:00+00:00,650.16,650.7,650.03,650.05,593.99
2026-05-06 18:30:00+00:00,650.04,650.52,649.1,649.64,2299.06
2026-05-06 18:35:00+00:00,649.65,649.82,649.34,649.6,451.1
2026-05-06 18:40:00+00:00,649.61,650.0,649.44,649.82,530.85
2026-05-06 18:45:00+00:00,649.82,650.44,649.74,649.74,522.61
2026-05-06 18:50:00+00:00,649.74,650.51,649.41,650.23,878.68
2026-05-06 18:55:00+00:00,650.24,650.9,650.19,650.28,1238.45
2026-05-06 19:00:00+00:00,650.27,651.42,650.11,650.93,1071.28
2026-05-06 19:05:00+00:00,650.92,651.1,650.2,650.74,1784.6
2026-05-06 19:10:00+00:00,650.73,650.73,649.84,650.07,1026.3
2026-05-06 19:15:00+00:00,650.07,650.28,649.68,650.25,731.78
2026-05-06 19:20:00+00:00,650.26,650.96,649.74,649.74,653.01
2026-05-06 19:25:00+00:00,649.74,649.82,649.34,649.73,565.69
2026-05-06 19:30:00+00:00,649.72,649.72,649.22,649.3,598.83
2026-05-06 19:35:00+00:00,649.3,650.2,649.25,650.2,581.77
2026-05-06 19:40:00+00:00,650.21,650.8,649.79,650.32,530.82
2026-05-06 19:45:00+00:00,650.32,650.84,650.19,650.2,418.79
2026-05-06 19:50:00+00:00,650.2,651.15,650.19,651.09,1261.77
2026-05-06 19:55:00+00:00,651.08,651.28,650.81,650.93,487.29
2026-05-06 20:00:00+00:00,650.92,651.79,650.73,651.78,1326.5
2026-05-06 20:05:00+00:00,651.79,651.85,651.44,651.51,940.34
2026-05-06 20:10:00+00:00,651.51,651.97,651.46,651.79,478.76
2026-05-06 20:15:00+00:00,651.79,651.98,651.39,651.45,615.89
2026-05-06 20:20:00+00:00,651.46,651.51,650.83,651.13,694.0
2026-05-06 20:25:00+00:00,651.12,651.78,650.84,650.85,536.04
2026-05-06 20:30:00+00:00,650.84,650.85,648.9,649.15,2409.03
2026-05-06 20:35:00+00:00,649.15,649.47,648.61,648.8,1066.72
2026-05-06 20:40:00+00:00,648.8,649.02,648.4,648.46,671.78
2026-05-06 20:45:00+00:00,648.45,648.87,648.12,648.33,736.49
2026-05-06 20:50:00+00:00,648.32,648.5,648.01,648.5,459.19
2026-05-06 20:55:00+00:00,648.49,649.26,648.32,649.26,499.86
2026-05-06 21:00:00+00:00,649.25,649.51,649.15,649.5,1039.2
2026-05-06 21:05:00+00:00,649.51,649.57,649.37,649.46,404.34
2026-05-06 21:10:00+00:00,649.47,649.47,647.64,648.43,1459.63
2026-05-06 21:15:00+00:00,648.43,649.0,648.42,648.71,440.78
2026-05-06 21:20:00+00:00,648.72,648.89,648.51,648.68,361.93
2026-05-06 21:25:00+00:00,648.69,649.0,648.58,649.0,370.82
2026-05-06 21:30:00+00:00,649.0,649.92,648.92,649.49,776.79
2026-05-06 21:35:00+00:00,649.48,650.92,649.48,650.92,1103.13
2026-05-06 21:40:00+00:00,650.92,650.96,650.1,650.61,1226.17
2026-05-06 21:45:00+00:00,650.6,650.61,649.99,650.49,630.98
2026-05-06 21:50:00+00:00,650.49,650.84,650.14,650.74,599.21
2026-05-06 21:55:00+00:00,650.74,650.74,650.16,650.25,664.63
2026-05-06 22:00:00+00:00,650.25,650.6,649.74,649.89,1731.01
2026-05-06 22:05:00+00:00,649.88,650.38,649.09,649.15,1459.99
2026-05-06 22:10:00+00:00,649.16,649.18,648.81,649.03,900.08
2026-05-06 22:15:00+00:00,649.03,649.03,648.15,648.35,1602.41
2026-05-06 22:20:00+00:00,648.34,648.54,647.13,647.67,3032.18
2026-05-06 22:25:00+00:00,647.66,647.87,647.47,647.87,1174.76
2026-05-06 22:30:00+00:00,647.87,648.75,647.86,648.26,1498.36
2026-05-06 22:35:00+00:00,648.26,648.37,647.52,647.52,1195.19
2026-05-06 22:40:00+00:00,647.53,647.82,647.43,647.72,678.79
2026-05-06 22:45:00+00:00,647.73,647.93,647.0,647.15,661.64
2026-05-06 22:50:00+00:00,647.14,647.88,647.14,647.75,524.38
2026-05-06 22:55:00+00:00,647.75,647.75,647.23,647.24,510.53
2026-05-06 23:00:00+00:00,647.24,647.24,644.66,645.35,5013.29
2026-05-06 23:05:00+00:00,645.36,646.07,644.88,645.96,1825.15
2026-05-06 23:10:00+00:00,645.97,646.42,645.95,646.02,874.77
2026-05-06 23:15:00+00:00,646.02,647.4,646.01,647.32,2745.01
2026-05-06 23:20:00+00:00,647.32,647.64,647.16,647.57,1296.9
2026-05-06 23:25:00+00:00,647.57,647.77,647.32,647.6,1219.15
2026-05-06 23:30:00+00:00,647.6,647.94,647.35,647.73,508.37
2026-05-06 23:35:00+00:00,647.73,647.8,647.31,647.32,579.92
2026-05-06 23:40:00+00:00,647.32,647.87,647.08,647.74,450.02
2026-05-06 23:45:00+00:00,647.73,647.92,647.59,647.85,500.65
2026-05-06 23:50:00+00:00,647.85,648.16,647.74,648.16,778.29
2026-05-06 23:55:00+00:00,648.16,648.2,647.74,648.12,831.57
2026-05-07 00:00:00+00:00,648.12,649.04,648.12,648.48,2025.23
2026-05-07 00:05:00+00:00,648.48,649.56,648.47,649.46,3419.26
2026-05-07 00:10:00+00:00,649.46,650.3,649.46,649.61,2702.14
2026-05-07 00:15:00+00:00,649.62,649.62,648.81,649.6,1278.39
2026-05-07 00:20:00+00:00,649.59,649.6,648.36,648.47,935.9
2026-05-07 00:25:00+00:00,648.47,648.47,646.82,646.85,1775.61
2026-05-07 00:30:00+00:00,646.85,646.85,646.09,646.4,1966.96
2026-05-07 00:35:00+00:00,646.4,646.6,645.8,646.13,1303.01
2026-05-07 00:40:00+00:00,646.13,646.25,645.01,645.38,2447.48
2026-05-07 00:45:00+00:00,645.38,646.16,645.24,646.0,3086.61
2026-05-07 00:50:00+00:00,645.99,645.99,645.5,645.5,1311.85
2026-05-07 00:55:00+00:00,645.49,646.33,645.02,645.34,1876.73
2026-05-07 01:00:00+00:00,645.34,645.44,643.37,643.79,4786.49
2026-05-07 01:05:00+00:00,643.8,644.43,641.9,644.41,7305.67
2026-05-07 01:10:00+00:00,644.41,645.02,644.05,644.92,1366.39
2026-05-07 01:15:00+00:00,644.91,645.25,643.56,643.97,2099.49
2026-05-07 01:20:00+00:00,643.97,644.34,642.86,644.34,2550.55
2026-05-07 01:25:00+00:00,644.34,645.26,644.11,645.25,1371.51
2026-05-07 01:30:00+00:00,645.25,645.84,644.05,644.05,3495.95
2026-05-07 01:35:00+00:00,644.05,645.32,644.05,644.91,1975.43
2026-05-07 01:40:00+00:00,644.9,645.35,644.7,645.08,1594.99
2026-05-07 01:45:00+00:00,645.09,645.42,644.83,645.42,803.98
2026-05-07 01:50:00+00:00,645.42,645.43,643.82,643.95,1201.02
2026-05-07 01:55:00+00:00,643.94,645.49,643.88,645.32,2998.24
2026-05-07 02:00:00+00:00,645.32,645.48,644.71,644.72,1489.49
2026-05-07 02:05:00+00:00,644.71,644.94,643.77,643.78,725.51
2026-05-07 02:10:00+00:00,643.78,644.18,643.34,643.5,2604.71
2026-05-07 02:15:00+00:00,643.5,643.88,642.84,642.96,1736.46
2026-05-07 02:20:00+00:00,642.96,643.68,642.63,642.99,1852.09
2026-05-07 02:25:00+00:00,642.99,643.24,642.7,642.82,1157.25
2026-05-07 02:30:00+00:00,642.83,644.03,642.45,643.72,1434.92
2026-05-07 02:35:00+00:00,643.72,643.99,643.17,643.17,1283.17
2026-05-07 02:40:00+00:00,643.18,643.45,642.3,642.59,1615.48
2026-05-07 02:45:00+00:00,642.6,643.7,642.59,643.62,1422.27
2026-05-07 02:50:00+00:00,643.62,644.81,643.59,644.72,1512.46
2026-05-07 02:55:00+00:00,644.71,645.4,644.34,644.35,2185.5
2026-05-07 03:00:00+00:00,644.35,644.35,643.73,643.83,739.05
2026-05-07 03:05:00+00:00,643.83,644.13,643.29,643.54,1379.92
2026-05-07 03:10:00+00:00,643.54,644.09,643.3,643.35,777.42
2026-05-07 03:15:00+00:00,643.36,644.06,643.14,643.35,1736.36
2026-05-07 03:20:00+00:00,643.34,643.36,641.91,642.43,2932.24
2026-05-07 03:25:00+00:00,642.43,643.76,642.38,643.76,865.43
2026-05-07 03:30:00+00:00,643.75,644.34,643.16,644.21,2307.94
2026-05-07 03:35:00+00:00,644.21,644.81,644.0,644.81,908.56
2026-05-07 03:40:00+00:00,644.81,644.96,644.35,644.42,576.24
2026-05-07 03:45:00+00:00,644.42,644.75,643.61,644.67,1853.01
2026-05-07 03:50:00+00:00,644.69,644.94,644.04,644.04,1047.38
2026-05-07 03:55:00+00:00,644.04,644.04,642.86,642.91,1436.99
2026-05-07 04:00:00+00:00,642.92,643.36,642.66,642.66,1494.05
2026-05-07 04:05:00+00:00,642.65,643.04,642.44,642.7,1647.2
2026-05-07 04:10:00+00:00,642.71,643.99,642.7,643.88,720.16
2026-05-07 04:15:00+00:00,643.87,643.95,643.57,643.84,664.95
2026-05-07 04:20:00+00:00,643.84,644.08,643.42,643.83,764.59
2026-05-07 04:25:00+00:00,643.83,643.99,643.53,643.74,767.1
2026-05-07 04:30:00+00:00,643.74,644.63,643.62,643.8,801.88
2026-05-07 04:35:00+00:00,643.81,644.07,643.55,643.63,801.2
2026-05-07 04:40:00+00:00,643.62,643.63,643.13,643.51,641.46
2026-05-07 04:45:00+00:00,643.51,644.13,643.49,644.12,774.61
2026-05-07 04:50:00+00:00,644.12,644.43,643.83,644.42,723.86
2026-05-07 04:55:00+00:00,644.43,644.7,644.02,644.61,812.3
2026-05-07 05:00:00+00:00,644.62,645.2,644.5,645.2,1878.49
2026-05-07 05:05:00+00:00,645.2,645.36,644.58,645.08,2296.5
2026-05-07 05:10:00+00:00,645.09,645.85,644.81,645.17,1486.75
2026-05-07 05:15:00+00:00,645.18,645.38,645.08,645.29,772.63
2026-05-07 05:20:00+00:00,645.28,645.28,644.95,644.98,811.47
2026-05-07 05:25:00+00:00,644.97,646.12,644.7,645.95,1338.88
2026-05-07 05:30:00+00:00,645.96,646.61,645.85,646.25,2433.0
2026-05-07 05:35:00+00:00,646.25,646.93,646.04,646.75,1602.01
2026-05-07 05:40:00+00:00,646.75,647.14,646.67,647.08,1359.59
2026-05-07 05:45:00+00:00,647.09,647.13,646.88,647.0,910.68
2026-05-07 05:50:00+00:00,647.0,647.24,646.75,647.23,1072.51
2026-05-07 05:55:00+00:00,647.24,647.56,647.01,647.5,816.84
2026-05-07 06:00:00+00:00,647.51,647.73,647.05,647.3,2701.38
2026-05-07 06:05:00+00:00,647.3,647.3,645.93,646.34,1419.62
2026-05-07 06:10:00+00:00,646.34,646.34,645.25,645.26,2186.38
2026-05-07 06:15:00+00:00,645.26,645.58,645.25,645.47,1862.02
2026-05-07 06:20:00+00:00,645.47,646.05,645.37,645.58,1571.53
2026-05-07 06:25:00+00:00,645.58,646.37,645.45,646.36,838.62
2026-05-07 06:30:00+00:00,646.36,647.66,646.34,647.66,2198.37
2026-05-07 06:35:00+00:00,647.67,648.16,647.67,647.86,1806.73
2026-05-07 06:40:00+00:00,647.87,648.49,647.84,648.47,1716.58
2026-05-07 06:45:00+00:00,648.47,648.62,647.47,647.71,1738.02
2026-05-07 06:50:00+00:00,647.71,648.31,647.71,648.31,883.93
2026-05-07 06:55:00+00:00,648.32,648.57,648.32,648.57,721.44
2026-05-07 07:00:00+00:00,648.56,648.65,647.99,648.38,1018.96
2026-05-07 07:05:00+00:00,648.38,648.97,648.25,648.67,1451.92
2026-05-07 07:10:00+00:00,648.68,649.66,648.58,649.65,1299.99
2026-05-07 07:15:00+00:00,649.64,650.2,649.19,649.21,2951.98
2026-05-07 07:20:00+00:00,649.2,650.4,649.11,650.34,1247.01
2026-05-07 07:25:00+00:00,650.34,651.11,650.19,650.72,2437.06
2026-05-07 07:30:00+00:00,650.72,652.73,650.72,652.62,4143.53
2026-05-07 07:35:00+00:00,652.63,652.98,652.25,652.83,1814.92
2026-05-07 07:40:00+00:00,652.83,653.95,652.81,653.38,3152.27
2026-05-07 07:45:00+00:00,653.39,653.87,652.73,652.81,1962.69
2026-05-07 07:50:00+00:00,652.82,653.25,651.87,651.9,1712.91
2026-05-07 07:55:00+00:00,651.9,652.68,651.9,652.43,1088.7
2026-05-07 08:00:00+00:00,652.43,653.62,652.18,653.01,1953.4
2026-05-07 08:05:00+00:00,653.0,653.22,652.09,652.19,2061.54
2026-05-07 08:10:00+00:00,652.19,652.2,650.98,651.36,3612.04
2026-05-07 08:15:00+00:00,651.37,651.5,650.08,650.19,2251.5
2026-05-07 08:20:00+00:00,650.19,650.63,649.5,650.63,2367.39
2026-05-07 08:25:00+00:00,650.63,650.83,649.74,650.83,1298.68
2026-05-07 08:30:00+00:00,650.83,651.99,650.72,650.95,970.81
2026-05-07 08:35:00+00:00,650.95,651.3,650.29,651.11,716.67
2026-05-07 08:40:00+00:00,651.12,651.2,650.52,650.79,865.81
2026-05-07 08:45:00+00:00,650.8,651.25,650.62,651.24,1030.2
2026-05-07 08:50:00+00:00,651.25,652.43,651.21,651.72,1556.52
2026-05-07 08:55:00+00:00,651.71,651.77,651.05,651.49,865.04
2026-05-07 09:00:00+00:00,651.5,651.53,649.78,650.23,1857.13
2026-05-07 09:05:00+00:00,650.23,650.24,649.8,650.14,1108.57
2026-05-07 09:10:00+00:00,650.13,650.31,649.8,650.18,1354.86
2026-05-07 09:15:00+00:00,650.19,650.38,650.06,650.25,886.61
2026-05-07 09:20:00+00:00,650.26,650.33,649.79,649.92,748.11
2026-05-07 09:25:00+00:00,649.92,650.44,649.28,649.61,2418.86
2026-05-07 09:30:00+00:00,649.62,650.21,649.42,649.95,1308.83
2026-05-07 09:35:00+00:00,649.95,650.16,648.8,648.8,1480.71
2026-05-07 09:40:00+00:00,648.8,649.04,648.33,648.45,1279.22
2026-05-07 09:45:00+00:00,648.45,648.99,647.83,648.98,2161.86
2026-05-07 09:50:00+00:00,648.98,649.27,648.13,649.26,1268.41
2026-05-07 09:55:00+00:00,649.26,649.59,648.9,649.28,1374.25
2026-05-07 10:00:00+00:00,649.29,650.09,649.23,649.76,1268.69
2026-05-07 10:05:00+00:00,649.75,649.75,649.14,649.22,757.32
2026-05-07 10:10:00+00:00,649.21,649.21,647.62,648.41,1517.99
2026-05-07 10:15:00+00:00,648.42,649.12,648.28,648.29,1002.01
2026-05-07 10:20:00+00:00,648.29,648.77,647.72,647.72,785.56
2026-05-07 10:25:00+00:00,647.71,648.0,646.53,646.99,2395.39
2026-05-07 10:30:00+00:00,646.99,647.75,646.84,647.17,943.47
2026-05-07 10:35:00+00:00,647.17,647.95,646.98,647.95,903.18
2026-05-07 10:40:00+00:00,647.95,648.66,647.94,648.65,1098.44
2026-05-07 10:45:00+00:00,648.65,648.92,648.21,648.26,723.91
2026-05-07 10:50:00+00:00,648.27,648.47,648.06,648.26,524.11
2026-05-07 10:55:00+00:00,648.27,648.45,648.03,648.1,459.56
2026-05-07 11:00:00+00:00,648.11,649.16,647.94,649.15,1193.57
2026-05-07 11:05:00+00:00,649.16,649.54,648.54,649.05,1112.4
2026-05-07 11:10:00+00:00,649.05,649.05,648.7,648.91,590.05
2026-05-07 11:15:00+00:00,648.92,649.2,648.67,649.07,615.61
2026-05-07 11:20:00+00:00,649.07,649.72,648.84,649.6,803.68
2026-05-07 11:25:00+00:00,649.61,649.66,648.22,648.43,646.89
2026-05-07 11:30:00+00:00,648.43,649.14,648.43,648.73,1240.78
2026-05-07 11:35:00+00:00,648.73,648.8,647.94,648.18,2390.13
2026-05-07 11:40:00+00:00,648.17,648.53,648.15,648.15,564.71
2026-05-07 11:45:00+00:00,648.15,648.39,647.43,647.43,593.61
2026-05-07 11:50:00+00:00,647.43,647.99,646.88,647.99,1422.39
2026-05-07 11:55:00+00:00,648.0,648.54,647.71,648.33,1232.22
2026-05-07 12:00:00+00:00,648.33,649.7,647.75,649.47,2284.47
2026-05-07 12:05:00+00:00,649.47,649.48,648.68,648.87,565.66
2026-05-07 12:10:00+00:00,648.87,649.86,648.87,649.79,745.42
2026-05-07 12:15:00+00:00,649.79,650.0,649.09,649.23,1563.82
2026-05-07 12:20:00+00:00,649.23,649.51,649.0,649.5,661.78
2026-05-07 12:25:00+00:00,649.51,649.96,649.38,649.67,505.7
2026-05-07 12:30:00+00:00,649.67,650.58,649.56,650.4,1663.64
2026-05-07 12:35:00+00:00,650.4,650.45,650.06,650.45,692.75
2026-05-07 12:40:00+00:00,650.44,650.45,650.13,650.44,600.54
2026-05-07 12:45:00+00:00,650.44,650.97,649.8,650.32,1068.47
2026-05-07 12:50:00+00:00,650.32,651.36,650.32,651.36,1575.92
2026-05-07 12:55:00+00:00,651.36,651.48,650.89,651.18,890.45
2026-05-07 13:00:00+00:00,651.18,651.18,650.23,650.49,1358.82
2026-05-07 13:05:00+00:00,650.49,650.49,649.33,649.72,801.23
2026-05-07 13:10:00+00:00,649.72,649.84,648.81,649.18,959.77
2026-05-07 13:15:00+00:00,649.17,650.45,648.81,650.2,780.9
2026-05-07 13:20:00+00:00,650.2,650.94,650.14,650.82,1228.26
2026-05-07 13:25:00+00:00,650.82,650.82,649.71,650.02,756.16
2026-05-07 13:30:00+00:00,650.03,650.05,648.64,649.16,1133.54
2026-05-07 13:35:00+00:00,649.17,649.55,648.0,648.1,2246.62
2026-05-07 13:40:00+00:00,648.09,648.56,647.75,647.75,1682.21
2026-05-07 13:45:00+00:00,647.76,648.08,645.65,646.08,4834.42
2026-05-07 13:50:00+00:00,646.07,647.81,645.84,647.51,2517.62
2026-05-07 13:55:00+00:00,647.52,647.95,646.99,647.31,1466.53
2026-05-07 14:00:00+00:00,647.32,647.6,646.18,646.37,1977.95
2026-05-07 14:05:00+00:00,646.37,646.6,645.83,646.49,1284.93
2026-05-07 14:10:00+00:00,646.49,647.38,646.21,647.23,1173.41
2026-05-07 14:15:00+00:00,647.23,647.33,645.4,645.4,2189.54
2026-05-07 14:20:00+00:00,645.4,646.26,645.15,645.91,1609.9
2026-05-07 14:25:00+00:00,645.9,646.37,645.58,645.81,1357.93
2026-05-07 14:30:00+00:00,645.82,645.97,643.25,643.41,8017.78
2026-05-07 14:35:00+00:00,643.41,643.98,641.2,641.66,8422.24
2026-05-07 14:40:00+00:00,641.67,642.54,641.2,642.26,4265.03
2026-05-07 14:45:00+00:00,642.27,643.44,642.1,643.01,7260.75
2026-05-07 14:50:00+00:00,643.02,644.2,643.01,643.67,2595.13
2026-05-07 14:55:00+00:00,643.67,643.97,642.5,642.8,2590.0
2026-05-07 15:00:00+00:00,642.79,643.72,642.42,643.41,2027.3
2026-05-07 15:05:00+00:00,643.41,644.45,642.53,644.45,1753.32
2026-05-07 15:10:00+00:00,644.44,644.45,643.05,643.31,1281.56
2026-05-07 15:15:00+00:00,643.3,644.28,642.57,642.58,3043.55
2026-05-07 15:20:00+00:00,642.58,642.63,640.71,641.05,5785.78
2026-05-07 15:25:00+00:00,641.04,641.64,639.66,641.27,5171.75
2026-05-07 15:30:00+00:00,641.27,643.53,641.05,643.53,2640.99
2026-05-07 15:35:00+00:00,643.52,644.14,643.06,643.33,2420.62
2026-05-07 15:40:00+00:00,643.32,644.53,643.17,643.71,1173.96
2026-05-07 15:45:00+00:00,643.7,644.2,643.5,643.63,856.67
2026-05-07 15:50:00+00:00,643.62,643.93,643.2,643.38,840.2
2026-05-07 15:55:00+00:00,643.38,643.41,642.33,642.87,891.82
2026-05-07 16:00:00+00:00,642.86,644.05,642.62,643.09,1315.94
2026-05-07 16:05:00+00:00,643.08,643.12,639.5,642.41,17173.7
2026-05-07 16:10:00+00:00,642.41,642.41,641.14,642.21,3350.14
2026-05-07 16:15:00+00:00,642.2,642.21,641.14,641.39,1580.29
2026-05-07 16:20:00+00:00,641.39,642.84,641.39,642.76,2109.37
2026-05-07 16:25:00+00:00,642.77,643.69,642.71,643.69,1468.97
2026-05-07 16:30:00+00:00,643.69,643.95,643.1,643.11,1521.19
2026-05-07 16:35:00+00:00,643.1,643.23,642.44,643.23,1425.94
2026-05-07 16:40:00+00:00,643.23,643.49,642.75,643.18,1075.51
2026-05-07 16:45:00+00:00,643.19,643.62,643.0,643.25,1179.69
2026-05-07 16:50:00+00:00,643.25,643.29,642.7,642.81,754.89
2026-05-07 16:55:00+00:00,642.81,643.17,641.43,641.99,1385.05
2026-05-07 17:00:00+00:00,641.99,642.41,641.44,641.9,908.68
2026-05-07 17:05:00+00:00,641.9,643.18,641.83,642.57,1286.28
2026-05-07 17:10:00+00:00,642.56,643.01,642.12,642.93,408.57
2026-05-07 17:15:00+00:00,642.92,642.92,641.53,641.7,615.1
2026-05-07 17:20:00+00:00,641.7,642.77,641.5,642.76,555.99
2026-05-07 17:25:00+00:00,642.77,643.51,640.08,641.33,3205.86
2026-05-07 17:30:00+00:00,641.33,641.83,640.68,641.62,1846.78
2026-05-07 17:35:00+00:00,641.61,642.25,641.28,642.1,565.9
2026-05-07 17:40:00+00:00,642.11,642.93,642.11,642.38,1013.48
2026-05-07 17:45:00+00:00,642.39,642.7,641.99,642.14,402.27
2026-05-07 17:50:00+00:00,642.14,642.99,641.99,642.91,587.12
2026-05-07 17:55:00+00:00,642.92,644.04,642.86,644.0,2039.73
2026-05-07 18:00:00+00:00,644.01,644.84,643.99,644.46,1879.26
2026-05-07 18:05:00+00:00,644.46,645.19,644.08,644.08,1058.99
2026-05-07 18:10:00+00:00,644.09,644.61,643.94,644.56,673.33
2026-05-07 18:15:00+00:00,644.56,644.96,644.49,644.7,354.8
2026-05-07 18:20:00+00:00,644.7,644.92,644.61,644.77,644.06
2026-05-07 18:25:00+00:00,644.77,644.77,644.13,644.18,613.12
2026-05-07 18:30:00+00:00,644.18,644.84,644.18,644.56,1144.54
2026-05-07 18:35:00+00:00,644.56,645.0,644.1,644.65,734.98
2026-05-07 18:40:00+00:00,644.66,644.76,643.36,643.73,884.04
2026-05-07 18:45:00+00:00,643.74,644.04,643.16,643.16,430.09
2026-05-07 18:50:00+00:00,643.16,643.25,642.58,643.25,686.53
2026-05-07 18:55:00+00:00,643.24,644.27,643.24,643.75,1049.95
2026-05-07 19:00:00+00:00,643.76,643.93,643.05,643.06,469.07
2026-05-07 19:05:00+00:00,643.06,643.25,642.6,642.88,1050.69
2026-05-07 19:10:00+00:00,642.88,644.04,642.83,643.86,381.25
2026-05-07 19:15:00+00:00,643.85,644.0,642.41,642.67,656.79
2026-05-07 19:20:00+00:00,642.68,642.97,642.38,642.38,813.06
2026-05-07 19:25:00+00:00,642.39,643.08,642.17,642.85,682.88
2026-05-07 19:30:00+00:00,642.85,643.73,642.85,643.5,854.69
2026-05-07 19:35:00+00:00,643.5,644.37,643.45,644.36,934.4
2026-05-07 19:40:00+00:00,644.36,644.51,643.86,643.87,400.58
2026-05-07 19:45:00+00:00,643.86,644.1,643.5,643.95,432.84
2026-05-07 19:50:00+00:00,643.96,644.62,642.9,643.63,2025.44
2026-05-07 19:55:00+00:00,643.63,644.08,643.55,644.08,998.54
2026-05-07 20:00:00+00:00,644.08,645.46,643.96,644.67,2064.03
2026-05-07 20:05:00+00:00,644.66,645.13,644.58,644.91,341.34
2026-05-07 20:10:00+00:00,644.92,644.96,644.63,644.63,1016.19
2026-05-07 20:15:00+00:00,644.64,644.84,644.33,644.52,356.94
2026-05-07 20:20:00+00:00,644.52,644.81,644.15,644.61,354.45
2026-05-07 20:25:00+00:00,644.6,644.82,644.3,644.77,363.67
2026-05-07 20:30:00+00:00,644.77,644.79,643.98,644.56,1877.17
2026-05-07 20:35:00+00:00,644.55,645.58,644.16,644.17,2705.21
2026-05-07 20:40:00+00:00,644.17,644.61,643.98,644.61,854.95
2026-05-07 20:45:00+00:00,644.61,644.87,644.27,644.86,327.15
2026-05-07 20:50:00+00:00,644.87,645.0,644.33,644.33,303.44
2026-05-07 20:55:00+00:00,644.33,644.33,643.72,643.73,519.23
2026-05-07 21:00:00+00:00,643.73,644.25,643.73,644.0,260.58
2026-05-07 21:05:00+00:00,643.99,643.99,641.76,641.76,1150.89
2026-05-07 21:10:00+00:00,641.76,642.56,641.76,642.46,2463.57
2026-05-07 21:15:00+00:00,642.45,643.3,641.89,643.26,514.13
2026-05-07 21:20:00+00:00,643.26,643.49,643.0,643.41,402.23
2026-05-07 21:25:00+00:00,643.41,643.9,643.4,643.9,371.56
2026-05-07 21:30:00+00:00,643.9,644.22,643.74,644.17,491.83
2026-05-07 21:35:00+00:00,644.18,644.4,643.97,644.08,362.5
2026-05-07 21:40:00+00:00,644.07,644.08,643.23,643.45,321.72
2026-05-07 21:45:00+00:00,643.44,643.61,643.19,643.43,253.7
2026-05-07 21:50:00+00:00,643.42,643.48,643.0,643.13,323.91
2026-05-07 21:55:00+00:00,643.12,643.51,642.8,642.88,372.12
2026-05-07 22:00:00+00:00,642.88,642.88,636.17,636.93,27436.27
2026-05-07 22:05:00+00:00,636.93,638.26,636.15,638.05,12739.53
2026-05-07 22:10:00+00:00,638.05,638.31,634.03,634.87,30726.26
2026-05-07 22:15:00+00:00,634.87,635.61,634.63,635.51,5410.83
2026-05-07 22:20:00+00:00,635.51,636.23,634.93,635.37,2997.03
2026-05-07 22:25:00+00:00,635.37,636.41,635.37,636.04,1444.56
2026-05-07 22:30:00+00:00,636.04,636.81,634.85,634.85,2759.28
2026-05-07 22:35:00+00:00,634.85,636.19,634.85,635.94,2724.33
2026-05-07 22:40:00+00:00,635.94,635.95,634.17,634.28,4166.25
2026-05-07 22:45:00+00:00,634.27,634.87,633.79,634.61,2802.3
2026-05-07 22:50:00+00:00,634.62,635.8,634.5,635.64,5041.96
2026-05-07 22:55:00+00:00,635.64,636.11,635.41,635.76,1811.43
2026-05-07 23:00:00+00:00,635.79,636.26,634.46,636.25,6068.58
2026-05-07 23:05:00+00:00,636.25,636.71,636.06,636.54,1119.28
2026-05-07 23:10:00+00:00,636.55,636.85,636.21,636.32,725.28
2026-05-07 23:15:00+00:00,636.32,636.61,635.86,635.89,722.33
2026-05-07 23:20:00+00:00,635.9,636.82,635.89,636.54,634.95
2026-05-07 23:25:00+00:00,636.54,637.35,636.54,636.91,1198.58
2026-05-07 23:30:00+00:00,636.9,637.02,636.54,636.57,777.06
2026-05-07 23:35:00+00:00,636.57,637.24,636.46,636.95,957.4
2026-05-07 23:40:00+00:00,636.95,637.24,636.88,637.16,839.5
2026-05-07 23:45:00+00:00,637.15,637.31,636.96,637.3,460.27
2026-05-07 23:50:00+00:00,637.3,637.75,637.05,637.38,1815.11
2026-05-07 23:55:00+00:00,637.39,637.89,637.25,637.31,1445.26
2026-05-08 00:00:00+00:00,637.32,638.2,636.84,637.93,3713.41
2026-05-08 00:05:00+00:00,637.93,638.39,637.93,638.1,1324.96
2026-05-08 00:10:00+00:00,638.1,638.2,637.8,637.99,1391.86
2026-05-08 00:15:00+00:00,638.0,638.34,637.82,638.33,1311.58
2026-05-08 00:20:00+00:00,638.33,639.45,637.71,639.13,5467.11
2026-05-08 00:25:00+00:00,639.14,639.23,638.28,638.71,4279.82
2026-05-08 00:30:00+00:00,638.71,638.93,638.35,638.61,817.52
2026-05-08 00:35:00+00:00,638.62,638.89,637.63,637.67,1805.39
2026-05-08 00:40:00+00:00,637.68,638.28,637.64,638.06,591.12
2026-05-08 00:45:00+00:00,638.07,638.07,637.62,638.01,676.86
2026-05-08 00:50:00+00:00,638.01,638.01,637.4,637.44,702.98
2026-05-08 00:55:00+00:00,637.43,638.16,637.33,638.16,953.22
2026-05-08 01:00:00+00:00,638.16,638.85,638.16,638.4,936.32
2026-05-08 01:05:00+00:00,638.4,638.41,637.77,637.82,740.2
2026-05-08 01:10:00+00:00,637.82,637.82,636.72,636.82,1158.36
2026-05-08 01:15:00+00:00,636.83,637.72,636.46,637.68,1057.06
2026-05-08 01:20:00+00:00,637.67,637.8,637.32,637.54,431.13
2026-05-08 01:25:00+00:00,637.55,638.13,637.55,638.09,395.63
2026-05-08 01:30:00+00:00,638.09,638.71,637.99,638.5,607.18
2026-05-08 01:35:00+00:00,638.5,638.66,637.94,638.65,344.82
2026-05-08 01:40:00+00:00,638.65,638.89,638.4,638.41,505.16
2026-05-08 01:45:00+00:00,638.41,638.87,638.14,638.41,626.61
2026-05-08 01:50:00+00:00,638.42,638.48,638.11,638.25,538.6
2026-05-08 01:55:00+00:00,638.26,638.64,638.25,638.45,418.6
2026-05-08 02:00:00+00:00,638.46,638.46,636.64,637.17,1719.76
2026-05-08 02:05:00+00:00,637.18,637.29,636.52,637.03,832.23
2026-05-08 02:10:00+00:00,637.02,637.54,637.02,637.42,526.0
2026-05-08 02:15:00+00:00,637.42,637.43,635.7,636.02,3539.24
2026-05-08 02:20:00+00:00,636.02,637.42,636.02,637.23,1525.86
2026-05-08 02:25:00+00:00,637.24,637.52,636.92,637.51,704.99
2026-05-08 02:30:00+00:00,637.52,638.92,637.34,638.86,1198.58
2026-05-08 02:35:00+00:00,638.85,639.3,638.31,638.73,1580.46
2026-05-08 02:40:00+00:00,638.74,639.3,638.68,639.1,675.76
2026-05-08 02:45:00+00:00,639.1,640.18,639.1,640.13,1278.23
2026-05-08 02:50:00+00:00,640.13,640.21,639.45,639.54,574.28
2026-05-08 02:55:00+00:00,639.55,639.6,638.84,638.94,923.17
2026-05-08 03:00:00+00:00,638.94,639.11,637.69,637.91,1342.73
2026-05-08 03:05:00+00:00,637.91,638.25,637.12,637.64,1516.55
2026-05-08 03:10:00+00:00,637.65,638.39,637.64,638.28,624.64
2026-05-08 03:15:00+00:00,638.28,639.27,638.19,639.08,804.68
2026-05-08 03:20:00+00:00,639.08,639.71,639.07,639.64,948.43
2026-05-08 03:25:00+00:00,639.65,639.92,639.42,639.91,415.34
2026-05-08 03:30:00+00:00,639.91,640.39,639.82,640.31,1241.37
2026-05-08 03:35:00+00:00,640.31,640.49,640.25,640.36,678.68
2026-05-08 03:40:00+00:00,640.36,640.85,640.26,640.85,827.44
2026-05-08 03:45:00+00:00,640.85,640.88,640.2,640.2,1061.06
2026-05-08 03:50:00+00:00,640.2,640.38,639.92,640.33,502.19
2026-05-08 03:55:00+00:00,640.32,640.33,639.78,639.79,329.56
2026-05-08 04:00:00+00:00,639.78,640.27,639.64,639.92,1445.39
2026-05-08 04:05:00+00:00,639.93,640.15,639.83,640.04,427.64
2026-05-08 04:10:00+00:00,640.05,640.32,640.05,640.27,464.3
2026-05-08 04:15:00+00:00,640.26,640.56,640.05,640.47,1301.36
2026-05-08 04:20:00+00:00,640.47,641.32,640.46,641.1,1982.54
2026-05-08 04:25:00+00:00,641.1,641.15,640.1,640.39,5532.77
2026-05-08 04:30:00+00:00,640.39,640.39,639.56,639.56,870.45
2026-05-08 04:35:00+00:00,639.57,639.66,638.68,638.96,4276.29
2026-05-08 04:40:00+00:00,638.96,639.08,638.41,639.08,1376.68
2026-05-08 04:45:00+00:00,639.08,639.6,638.85,639.6,1393.16
2026-05-08 04:50:00+00:00,639.6,639.88,639.18,639.67,633.73
2026-05-08 04:55:00+00:00,639.67,640.0,639.53,640.0,536.37
2026-05-08 05:00:00+00:00,640.01,640.31,639.64,640.02,932.15
2026-05-08 05:05:00+00:00,640.01,640.31,639.96,640.05,345.36
2026-05-08 05:10:00+00:00,640.05,640.1,639.71,639.71,384.53
2026-05-08 05:15:00+00:00,639.72,640.08,639.54,639.61,634.32
2026-05-08 05:20:00+00:00,639.61,639.61,639.29,639.35,320.66
2026-05-08 05:25:00+00:00,639.35,639.68,639.29,639.62,255.83
2026-05-08 05:30:00+00:00,639.62,640.27,639.62,640.06,884.48
2026-05-08 05:35:00+00:00,640.06,640.15,639.5,639.59,1398.38
2026-05-08 05:40:00+00:00,639.6,640.05,639.59,639.98,862.84
2026-05-08 05:45:00+00:00,639.98,640.48,639.25,639.64,715.15
2026-05-08 05:50:00+00:00,639.64,639.87,639.61,639.71,248.43
2026-05-08 05:55:00+00:00,639.71,639.72,638.0,638.25,3749.07
2026-05-08 06:00:00+00:00,638.25,638.66,637.33,638.53,2262.33
2026-05-08 06:05:00+00:00,638.54,638.66,634.8,635.84,23663.99
2026-05-08 06:10:00+00:00,635.84,637.43,635.83,637.12,1439.93
2026-05-08 06:15:00+00:00,637.11,637.13,636.39,636.76,2249.42
2026-05-08 06:20:00+00:00,636.75,637.1,636.69,636.69,590.16
2026-05-08 06:25:00+00:00,636.69,637.35,636.53,636.67,991.28
2026-05-08 06:30:00+00:00,636.67,636.94,636.17,636.17,1014.08
2026-05-08 06:35:00+00:00,636.18,636.55,635.51,636.54,1736.64
2026-05-08 06:40:00+00:00,636.55,637.46,636.42,636.98,737.9
2026-05-08 06:45:00+00:00,636.98,637.19,636.66,637.06,361.99
2026-05-08 06:50:00+00:00,637.07,637.4,636.71,637.02,444.74
2026-05-08 06:55:00+00:00,637.02,637.03,636.5,636.91,372.43
2026-05-08 07:00:00+00:00,636.91,636.91,635.61,635.98,1269.69
2026-05-08 07:05:00+00:00,635.98,636.16,635.1,636.15,2110.65
2026-05-08 07:10:00+00:00,636.16,636.16,635.58,635.59,967.99
2026-05-08 07:15:00+00:00,635.59,636.39,635.42,636.03,817.66
2026-05-08 07:20:00+00:00,636.02,636.34,635.66,635.85,673.78
2026-05-08 07:25:00+00:00,635.85,635.96,635.13,635.42,2626.11
2026-05-08 07:30:00+00:00,635.41,636.29,635.35,636.18,868.83
2026-05-08 07:35:00+00:00,636.18,636.38,636.14,636.24,457.16
2026-05-08 07:40:00+00:00,636.25,636.77,636.16,636.17,824.0
2026-05-08 07:45:00+00:00,636.17,636.85,636.01,636.54,961.28
2026-05-08 07:50:00+00:00,636.54,637.17,636.51,637.11,1677.76
2026-05-08 07:55:00+00:00,637.1,637.35,636.16,637.03,3378.71
2026-05-08 08:00:00+00:00,637.04,637.11,636.09,636.57,2330.97
2026-05-08 08:05:00+00:00,636.56,636.67,636.16,636.26,1030.26
2026-05-08 08:10:00+00:00,636.26,637.04,636.23,636.6,920.33
2026-05-08 08:15:00+00:00,636.61,636.94,636.45,636.46,869.68
2026-05-08 08:20:00+00:00,636.46,636.99,636.19,636.34,1345.42
2026-05-08 08:25:00+00:00,636.32,637.27,636.24,636.52,2126.59
2026-05-08 08:30:00+00:00,636.52,636.81,636.4,636.74,861.71
2026-05-08 08:35:00+00:00,636.75,637.32,636.66,637.32,1001.0
2026-05-08 08:40:00+00:00,637.32,637.57,637.02,637.4,960.36
2026-05-08 08:45:00+00:00,637.41,638.08,637.4,637.8,1304.15
2026-05-08 08:50:00+00:00,637.8,638.29,637.67,638.24,5123.78
2026-05-08 08:55:00+00:00,638.23,638.4,638.0,638.4,1061.75
2026-05-08 09:00:00+00:00,638.39,638.39,637.59,637.99,1023.07
2026-05-08 09:05:00+00:00,637.98,638.61,637.98,638.6,694.98
2026-05-08 09:10:00+00:00,638.6,638.82,638.13,638.81,1315.53
2026-05-08 09:15:00+00:00,638.81,638.87,638.52,638.85,1111.36
2026-05-08 09:20:00+00:00,638.85,639.82,638.81,639.57,1684.71
2026-05-08 09:25:00+00:00,639.58,639.89,639.26,639.27,1213.45
2026-05-08 09:30:00+00:00,639.27,639.27,638.62,639.21,1337.77
2026-05-08 09:35:00+00:00,639.22,639.27,638.68,638.82,765.79
2026-05-08 09:40:00+00:00,638.83,638.83,638.37,638.47,1033.57
2026-05-08 09:45:00+00:00,638.46,638.56,638.04,638.28,1393.92
2026-05-08 09:50:00+00:00,638.27,638.5,638.11,638.42,573.1
2026-05-08 09:55:00+00:00,638.41,638.63,638.13,638.58,409.18
2026-05-08 10:00:00+00:00,638.58,639.58,638.58,639.58,1027.3
2026-05-08 10:05:00+00:00,639.58,639.58,638.05,638.26,726.24
2026-05-08 10:10:00+00:00,638.26,638.54,638.1,638.1,561.21
2026-05-08 10:15:00+00:00,638.11,638.65,638.04,638.51,472.65
